{
    "_QPVersion": "0.1.1",
    "name": "Space Monke",
    "id": "SpaceMonke",
    "author": "RedBrumbler",
    "version": "1.1.1",
    "packageId": "com.AnotherAxiom.GorillaTag",
    "packageVersion": "1.0.8",
    "description": "Jump higher with more powerful jumps",
    "coverImage": "cover.png",
    "type": "Gameplay",
    "dependencies": [
        {
            "id": "MonkeComputer",
            "version": ">=1.4.0",
            "downloadIfMissing": "https://github.com/RedBrumbler/MonkeComputer/releases/latest/download/MonkeComputer.qmod"
        }
    ],
    "modFiles": [
        "libspacemonke.so"
    ],
    "libraryFiles": [
        "libbeatsaber-hook_1_3_3.so",
        "libbeatsaber-hook_1_3_5.so"
    ],
    "fileCopies": [
    ]
}